City,Country,City Latitude,City Longitude,Max Temperature(C),Humidity(%),Wind Speed(mps),Cloud Coverage(%),CityDateTime
marzuq,LY,23.532479728109877,14.194442084874197,22.65,41.0,3.03,0.0,2020-04-10 18:09:33
hobart,AU,-50.83294010868032,148.94281628941457,13.0,93.0,0.5,75.0,2020-04-10 18:07:31
rikitea,PF,-37.62361807087436,-118.90612728118643,24.92,75.0,2.74,94.0,2020-04-10 18:07:40
new norfolk,AU,-56.44775379100635,134.16647383842917,13.0,93.0,0.5,75.0,2020-04-10 18:09:33
luganville,VU,-15.995730706995758,165.39298320758047,23.8,81.0,2.28,48.0,2020-04-10 18:09:33
sabang,ID,8.829468692364799,94.34329852469614,28.47,77.0,3.24,100.0,2020-04-10 18:09:33
punta arenas,CL,-76.79305396830398,-96.92036178187007,9.0,66.0,7.7,75.0,2020-04-10 18:09:34
kapaa,US,19.751963122917132,-172.61842192221286,20.0,88.0,3.1,1.0,2020-04-10 18:08:25
albany,AU,-85.46410303684809,113.27674121183122,7.78,56.0,11.3,75.0,2020-04-10 18:09:34
alofi,NU,-24.090326010374895,-168.60342381527528,24.0,83.0,2.1,100.0,2020-04-10 18:07:22
gorontalo,ID,1.4979760611318937,122.39070581400688,23.37,85.0,1.64,17.0,2020-04-10 18:09:34
carnarvon,AU,-27.2089033379358,96.20866857462522,25.0,100.0,4.6,77.0,2020-04-10 18:09:34
ajaigarh,IN,24.957861040122566,80.28678432866161,28.97,15.0,0.63,0.0,2020-04-10 18:09:34
pevek,RU,83.35646464090993,171.18717518526051,-19.53,85.0,9.31,32.0,2020-04-10 18:09:34
price,US,37.90669339442637,-110.98565641880059,12.22,25.0,2.1,1.0,2020-04-10 18:08:28
puerto ayora,EC,-15.77255110536126,-104.71662305159316,30.0,66.0,2.6,20.0,2020-04-10 18:09:34
jamestown,SH,-7.237345968090608,-4.899640144099891,3.0,69.0,12.9,90.0,2020-04-10 18:05:21
hermanus,ZA,-81.61319726428604,9.674497074325558,18.33,91.0,1.65,2.0,2020-04-10 18:09:34
bloemfontein,ZA,-29.01567230843564,25.890574948496635,18.0,77.0,2.6,40.0,2020-04-10 18:09:35
vung tau,VN,10.26596514058646,107.65135349203132,27.06,79.0,6.58,85.0,2020-04-10 18:05:28
atar,MR,21.8399285748675,-10.868657523614928,37.48,8.0,6.26,0.0,2020-04-10 18:04:37
cape town,ZA,-71.16450695605242,-17.240915681852726,18.89,82.0,2.1,3.0,2020-04-10 18:09:35
grand gaube,MU,-19.247787458880268,58.34163067399464,26.0,78.0,6.2,40.0,2020-04-10 18:09:35
rio gallegos,AR,-51.388427896922515,-62.53776589999717,15.0,28.0,6.7,40.0,2020-04-10 18:09:35
thompson,CA,71.87220358046918,-88.79815483141432,-1.0,39.0,1.5,75.0,2020-04-10 18:03:04
lebu,CL,-29.071038517308487,-100.11651900726852,16.96,66.0,3.07,25.0,2020-04-10 18:09:35
tevaitoa,PF,-19.02633386948159,-153.57991487829338,28.59,77.0,4.49,62.0,2020-04-10 18:09:35
mataura,PF,-38.58354231635433,-149.69037247583304,5.56,95.0,0.89,6.0,2020-04-10 18:09:36
havelock,US,32.93108258738191,-74.58188486114439,17.0,26.0,9.3,20.0,2020-04-10 18:09:36
butaritari,KI,26.36974457683803,174.50256177231677,28.81,72.0,3.23,100.0,2020-04-10 18:09:36
blackfoot,US,43.14453805529968,-112.30062479608979,16.0,36.0,5.7,1.0,2020-04-10 18:09:36
hithadhoo,MV,-9.735569223918233,77.96090792907125,29.3,63.0,2.37,10.0,2020-04-10 18:07:53
lorengau,PG,-2.253169018168947,148.70073243004526,27.59,77.0,2.39,97.0,2020-04-10 18:09:36
ushuaia,AR,-87.19551003569796,-75.71688269705336,8.0,70.0,10.3,75.0,2020-04-10 18:09:36
vaini,TO,-44.45024509672313,-177.98370119430686,18.0,93.0,1.0,20.0,2020-04-10 18:07:39
yerazgavors,AM,40.634008730433635,43.71737684042185,4.0,60.0,2.1,75.0,2020-04-10 18:09:36
matara,LK,1.4059221901025154,80.26076494935978,25.57,86.0,2.41,22.0,2020-04-10 18:09:36
tiksi,RU,78.13823916518967,122.29231334263619,-5.3,93.0,10.69,79.0,2020-04-10 18:07:26
gombong,ID,-9.871978235869946,108.93054416159947,26.18,84.0,0.82,27.0,2020-04-10 18:09:37
santa fe,AR,-30.983175221591814,-60.27457448460754,25.0,38.0,0.89,0.0,2020-04-10 18:08:40
beringovskiy,RU,49.475842197332355,179.0408763484399,-14.82,94.0,6.9,100.0,2020-04-10 18:07:39
georgetown,SH,-11.36326556005497,-20.89747322457319,28.0,88.0,1.23,40.0,2020-04-10 18:04:25
bambous virieux,MU,-28.689386727509813,83.48156987947289,26.0,78.0,6.2,40.0,2020-04-10 18:09:37
sarakhs,IR,35.71639403656353,61.964035760558005,9.0,81.0,2.1,40.0,2020-04-10 18:09:37
bethel,US,43.19354534661227,-170.28967073775814,10.0,48.0,7.2,90.0,2020-04-10 18:07:55
nyzy,UA,50.72904611186536,34.66160402673029,7.7,54.0,4.66,66.0,2020-04-10 18:09:37
atuona,PF,4.4096946627037426,-140.2376509946444,27.75,77.0,5.34,19.0,2020-04-10 18:09:37
geraldton,AU,-29.498583705565764,111.04842369324217,21.0,83.0,3.1,3.0,2020-04-10 18:07:55
betanzos,ES,43.25799684515235,-8.239437693859486,14.44,93.0,2.1,90.0,2020-04-10 18:09:37
puerto escondido,MX,8.027955703795925,-98.57274442759477,27.0,69.0,5.1,5.0,2020-04-10 18:09:37
santa maria,CV,16.508069633375683,-21.509583396675026,21.0,56.0,2.6,75.0,2020-04-10 18:05:22
grand-santi,GF,2.3258795239107,-55.53035390713548,28.96,82.0,2.21,89.0,2020-04-10 18:09:38
leningradskiy,RU,86.6060052425859,178.0652964444763,-20.45,80.0,3.51,0.0,2020-04-10 18:09:38
christchurch,NZ,-50.47808415446119,179.3695766370986,13.33,93.0,3.6,0.0,2020-04-10 18:06:20
najran,SA,20.093964390320878,44.37363750432394,32.0,24.0,1.0,75.0,2020-04-10 18:09:38
klyuchi,RU,55.537712411192274,160.07045463401334,3.35,67.0,3.27,9.0,2020-04-10 18:09:38
dingle,IE,48.500999609170464,-18.60884817621576,25.79,80.0,4.2,2.0,2020-04-10 18:08:19
nuuk,GL,62.987632979808666,-54.205607258977054,3.89,69.0,5.1,75.0,2020-04-10 18:07:35
shache,CN,37.85429858971382,78.93116579699256,16.46,16.0,3.39,36.0,2020-04-10 18:09:38
zhicheng,CN,27.599193617652887,118.66938968627903,7.78,90.0,6.31,100.0,2020-04-10 18:09:38
east london,ZA,-43.73276625150719,36.034373710742244,21.01,78.0,4.66,100.0,2020-04-10 18:08:00
carballo,ES,47.02533647837171,-12.111013093460627,14.0,93.0,2.1,90.0,2020-04-10 18:09:39
praia da vitoria,PT,41.09941661534302,-24.66542148103315,19.0,77.0,3.07,20.0,2020-04-10 18:09:39
harper,LR,-3.28111252356868,-8.132871753085311,28.34,76.0,3.62,21.0,2020-04-10 18:09:39
hasaki,JP,29.28925863908374,157.26178672477118,2.0,80.0,0.5,20.0,2020-04-10 18:09:39
port alfred,ZA,-88.39048725000947,50.361596540383346,19.34,81.0,1.09,95.0,2020-04-10 18:06:57
faanui,PF,-5.374725546004797,-159.63391590973504,28.05,78.0,4.63,41.0,2020-04-10 18:09:39
bluff,NZ,-71.22607412661567,172.78581057531306,5.56,95.0,0.89,10.0,2020-04-10 18:09:39
kruisfontein,ZA,-56.89252532712387,25.332678372821647,15.66,60.0,1.38,57.0,2020-04-10 18:09:39
cabo san lucas,MX,13.935343518101206,-118.07441016416142,26.0,77.0,3.9,75.0,2020-04-10 18:09:39
nelson bay,AU,-35.57185670540404,154.4674237445297,16.11,93.0,0.5,0.0,2020-04-10 18:07:41
avarua,CK,-43.251709630449014,-164.90991370403074,25.0,100.0,0.5,100.0,2020-04-10 18:09:40
acapulco,MX,2.8595260642688913,-107.05575152481384,29.0,70.0,3.1,5.0,2020-04-10 18:08:12
cayenne,GF,8.812282277561394,-46.1047000532449,29.0,74.0,5.1,90.0,2020-04-10 18:07:44
coquimbo,CL,-27.931859658870657,-80.89062764129929,20.0,64.0,5.7,80.0,2020-04-10 18:07:53
hofn,IS,60.3520245974548,-12.162037726971931,4.05,86.0,5.06,100.0,2020-04-10 18:08:06
bredasdorp,ZA,-50.285925536848396,21.668075163348618,19.0,72.0,5.1,0.0,2020-04-10 18:09:40
kahului,US,22.096433316343678,-154.53919600839143,22.22,88.0,1.9,1.0,2020-04-10 18:09:21
san patricio,MX,10.61413502248169,-111.8943916576025,28.0,78.0,2.6,5.0,2020-04-10 18:09:40
busselton,AU,-46.864513389663145,103.36680303551856,20.56,49.0,6.33,75.0,2020-04-10 18:09:41
bingol,TR,39.49956769240197,40.60832820627624,6.99,56.0,0.85,100.0,2020-04-10 18:09:41
dikson,RU,82.03454849070664,75.1772710825581,-9.91,97.0,2.79,98.0,2020-04-10 18:06:59
turochak,RU,51.89073978461923,87.64265074942938,-3.77,93.0,1.11,11.0,2020-04-10 18:09:41
ribeira grande,PT,35.846560802937944,-29.817753477440334,18.0,82.0,2.6,40.0,2020-04-10 18:09:41
ponta do sol,CV,21.0763513981792,-23.024392414743943,20.0,64.0,5.7,20.0,2020-04-10 18:09:41
santa flavia,IT,38.29065293279501,13.72035236113959,16.11,72.0,7.2,0.0,2020-04-10 18:09:41
akdagmadeni,TR,39.78988148138379,35.72357641805979,3.04,43.0,3.1,0.0,2020-04-10 18:09:41
nishihara,JP,22.39077680084634,132.93482696461462,20.0,64.0,2.1,75.0,2020-04-10 18:09:41
sitka,US,52.99890625176198,-135.52987139036824,3.0,69.0,2.76,1.0,2020-04-10 18:09:42
calbuco,CL,-42.706302425992426,-72.115990952382,13.0,100.0,2.6,90.0,2020-04-10 18:09:42
tilichiki,RU,60.18897830435537,170.5497428259386,-17.65,91.0,3.01,20.0,2020-04-10 18:08:54
goundam,ML,16.821249729088493,-4.208134654932508,36.39,8.0,1.13,72.0,2020-04-10 18:09:42
cidreira,BR,-53.916246360567065,-24.885269210609806,20.7,67.0,4.79,9.0,2020-04-10 18:09:08
bathsheba,BB,16.881623578517207,-50.124901201884995,30.0,62.0,7.2,20.0,2020-04-10 18:08:20
igdir,TR,39.60316980244639,43.614312595387645,9.0,93.0,1.9,75.0,2020-04-10 18:09:42
wagar,SD,15.4790243136664,35.044390266551716,27.08,36.0,6.42,7.0,2020-04-10 18:09:42
fortuna,US,39.379264858881044,-131.5465122306681,14.44,81.0,2.6,90.0,2020-04-10 18:08:06
dongli,CN,20.453767676970713,110.6249786575213,18.0,93.0,3.0,75.0,2020-04-10 18:09:42
severo-kurilsk,RU,46.52677424023341,162.2580621149707,-0.53,95.0,6.59,77.0,2020-04-10 18:09:42
namibe,AO,-20.521667094534692,6.23602913147289,25.04,56.0,7.04,5.0,2020-04-10 18:09:42
lovington,US,33.02254805871604,-103.37139485626028,13.89,62.0,6.2,90.0,2020-04-10 18:09:43
kalabo,ZM,-14.800408264306455,22.06278932630022,20.16,65.0,2.84,99.0,2020-04-10 18:09:43
guerrero negro,MX,21.51078837840207,-120.61575130804034,17.92,57.0,7.97,32.0,2020-04-10 18:09:43
marawi,SD,16.863679847623814,29.19488459152973,19.44,76.0,0.43,30.0,2020-04-10 18:09:43
cuamba,MZ,-14.877874640631774,37.90046425333557,20.64,67.0,3.16,36.0,2020-04-10 18:09:43
sabha,LY,25.745962487868383,16.36073842043669,23.28,19.0,5.2,43.0,2020-04-10 18:07:47
hilo,US,26.65276472088786,-148.27804071957092,22.22,73.0,1.5,90.0,2020-04-10 18:05:41
palauig,PH,14.495365058736553,116.62337023947475,26.66,73.0,1.87,12.0,2020-04-10 18:09:43
atherton,AU,-18.239407180051458,142.65531747005338,21.67,46.0,2.1,100.0,2020-04-10 18:09:43
ishigaki,JP,22.56354889740632,125.02236533605685,21.6,73.0,5.87,92.0,2020-04-10 18:09:43
buala,SB,-8.184884834354804,159.7052871764638,27.54,78.0,2.75,34.0,2020-04-10 18:09:44
fort-shevchenko,KZ,44.68009292676396,51.249353756296756,9.44,60.0,4.6,0.0,2020-04-10 18:09:44
saint george,BM,32.43902042253019,-53.42103650892217,15.0,57.0,1.5,1.0,2020-04-10 18:06:12
lagoa,PT,51.33693355018559,-27.625845421594704,17.21,64.0,1.66,0.0,2020-04-10 18:09:44
poum,NC,-19.005314209188526,159.80122972137195,24.91,74.0,5.61,61.0,2020-04-10 18:09:44
upernavik,GL,86.8476291007967,-53.519801520629926,-7.67,86.0,2.55,9.0,2020-04-10 18:09:44
pontian kecil,MY,1.0813031620924392,103.07159315228392,29.0,88.0,1.0,20.0,2020-04-10 18:09:44
arlit,NE,18.092546728834577,6.291997417968332,33.74,9.0,2.31,88.0,2020-04-10 18:09:44
rio grande,BR,-32.238026371292854,-51.49878096333785,23.0,64.0,5.7,75.0,2020-04-10 18:09:44
bengkulu,ID,-13.208807103414586,95.16048199956504,25.28,81.0,1.83,87.0,2020-04-10 18:09:45
arraial do cabo,BR,-51.196254022117365,-21.62984981463083,24.0,73.0,3.1,75.0,2020-04-10 18:05:50
general roca,AR,-40.53845859905502,-66.68013574435226,26.0,34.0,2.1,21.0,2020-04-10 18:09:45
thap than,TH,15.557598682600059,99.84914082761418,28.45,58.0,3.54,73.0,2020-04-10 18:09:45
abha,SA,18.457191913477587,41.568761466584675,20.0,77.0,5.1,40.0,2020-04-10 18:09:45
tuktoyaktuk,CA,87.38216038873634,-121.39141877000176,-18.0,84.0,4.1,40.0,2020-04-10 18:08:05
san cristobal,EC,1.9557046351977334,-86.67007084457533,35.0,44.0,3.1,40.0,2020-04-10 18:09:08
qaanaaq,GL,76.74160736253566,-78.39887370086727,-13.18,83.0,0.75,0.0,2020-04-10 18:09:45
aswan,EG,22.718158457015576,31.19766068018157,22.16,21.0,4.82,1.0,2020-04-10 18:09:46
pemberton,CA,51.12108699720946,-123.41685192672495,8.0,65.0,0.19,5.0,2020-04-10 18:09:46
chermoz,RU,58.88695797055118,56.50794485144121,5.84,75.0,6.2,100.0,2020-04-10 18:09:46
hoquiam,US,47.17604368871875,-123.9334882302447,12.22,100.0,3.1,90.0,2020-04-10 18:09:46
santa luzia,BR,-7.248272231781655,-47.056779033867656,28.0,57.0,1.5,40.0,2020-04-10 18:09:46
bardiyah,LY,30.232257846493113,25.15442640806569,15.48,63.0,8.18,0.0,2020-04-10 18:09:46
campo maior,BR,-4.837475992127281,-42.22379830017519,31.32,63.0,1.3,100.0,2020-04-10 18:08:51
yeppoon,AU,-19.856796342763502,154.4098684625738,20.0,100.0,1.3,40.0,2020-04-10 18:09:46
havre-saint-pierre,CA,49.74944529100844,-61.579871613099954,2.0,59.0,10.8,90.0,2020-04-10 18:09:46
chuy,UY,-49.015175721819,-36.91204474262133,20.74,60.0,4.55,6.0,2020-04-10 18:08:21
talnakh,RU,71.10728846389173,89.51460584147486,0.0,93.0,12.0,75.0,2020-04-10 18:09:47
zemetchino,RU,53.262931963517076,42.543151969563894,6.21,82.0,3.09,100.0,2020-04-10 18:09:47
victoria,SC,-1.1994550939693482,54.10577190983682,22.78,83.0,6.2,40.0,2020-04-10 17:56:45
oranjemund,NA,-27.992077194070966,16.10834351664019,15.72,73.0,2.61,0.0,2020-04-10 18:09:04
umarizal,BR,-5.953789140248375,-37.73492003177353,32.1,52.0,2.33,85.0,2020-04-10 18:09:47
salvador,BR,-13.226670604493776,-37.90197974886473,34.0,46.0,3.1,20.0,2020-04-10 18:08:55
maniitsoq,GL,61.108489281716714,-56.46475834512083,1.78,84.0,4.88,63.0,2020-04-10 18:09:47
tuatapere,NZ,-47.668226474278946,158.8900127710525,5.56,95.0,0.89,0.0,2020-04-10 18:09:47
srednekolymsk,RU,68.3111588638507,151.459503076143,-10.01,91.0,4.01,9.0,2020-04-10 18:09:47
mandera,KE,3.9079037352190227,40.71062095010814,33.33,11.0,0.89,38.0,2020-04-10 18:09:47
olga,RU,43.032128012377086,136.59224292401063,1.54,87.0,5.57,70.0,2020-04-10 18:09:48
fayaoue,NC,-18.730623715991243,166.04142788023785,24.18,65.0,3.33,54.0,2020-04-10 18:09:48
yuzhne,UA,46.013880243551,31.222084490777632,15.0,26.0,7.0,37.0,2020-04-10 18:09:48
manacapuru,BR,-3.6361896389478403,-60.80624736256195,31.0,70.0,2.6,40.0,2020-04-10 18:09:48
taos,US,36.75169967932659,-105.90418568007406,13.0,26.0,1.5,1.0,2020-04-10 18:09:48
gunjur,GM,12.226645696509706,-20.42569810837861,32.0,43.0,6.2,0.0,2020-04-10 18:09:48
narsaq,GL,74.87813714327723,-63.06977687145576,6.0,28.0,21.1,100.0,2020-04-10 18:07:46
port elizabeth,ZA,-85.01107980252107,38.687659009973714,17.0,88.0,4.1,77.0,2020-04-10 18:08:59
ronda,ES,36.95799635655803,-5.271670566085305,22.78,63.0,3.6,20.0,2020-04-10 18:05:07
saldanha,ZA,-36.62618308090729,7.87945207585517,19.0,72.0,5.1,13.0,2020-04-10 18:09:48
taltal,CL,-24.813266842817868,-81.93232528712774,21.4,60.0,3.45,19.0,2020-04-10 18:09:49
kysyl-syr,RU,64.3571071277241,124.30985818796273,-3.48,94.0,4.25,53.0,2020-04-10 18:09:49
sobolevo,RU,53.67388722237445,151.6413365017532,4.78,63.0,3.32,56.0,2020-04-10 18:09:49
komsomolskiy,RU,44.22242173733707,47.66602943024239,10.0,66.0,2.1,91.0,2020-04-10 18:05:30
montrose,US,38.885543098380595,-108.02584093691604,17.0,26.0,1.5,1.0,2020-04-10 18:09:49
vila velha,BR,-23.66411286816647,-32.844288358391225,25.0,73.0,4.6,75.0,2020-04-10 18:09:49
hovd,MN,42.52730557622712,102.94046941557423,7.36,31.0,2.8,100.0,2020-04-10 18:09:49
esna,EG,25.17928401532143,31.356802370888317,23.0,33.0,6.2,9.0,2020-04-10 18:09:49
torbay,CA,35.25361346958741,-50.96136306306741,2.78,92.0,9.8,90.0,2020-04-10 18:06:40
sorong,ID,1.4331024446619693,130.33814566800544,24.48,86.0,1.59,15.0,2020-04-10 18:05:07
san roque,PH,4.634221332166561,123.49473648368519,18.0,72.0,7.7,2.0,2020-04-10 18:09:50
ko samui,TH,9.4179345834103,100.82493978858963,28.85,73.0,5.39,87.0,2020-04-10 18:09:50
kabansk,RU,52.09927390143466,106.59562939548039,1.0,50.0,1.07,15.0,2020-04-10 18:09:50
labytnangi,RU,68.88726855736749,66.64741312690384,-9.56,91.0,3.36,24.0,2020-04-10 18:09:50
upington,ZA,-29.101929077573153,21.233270682314924,28.0,30.0,2.6,20.0,2020-04-10 18:09:50
alyangula,AU,-14.268491732684879,140.2544641233523,24.0,100.0,3.52,90.0,2020-04-10 18:09:50
bladel,NL,51.27847434642703,5.213668561945383,19.44,39.0,6.2,90.0,2020-04-10 18:09:50
portland,AU,-43.17851293112381,139.3949154789068,16.67,66.0,0.71,20.0,2020-04-10 18:09:27
fairbanks,US,65.42192216991972,-144.18446306789755,-8.33,72.0,2.1,90.0,2020-04-10 18:09:21
namatanai,PG,-1.6264870623986667,152.66811832750182,27.46,73.0,1.5,89.0,2020-04-10 18:09:50
cassilandia,BR,-18.832475656785533,-52.370847741874385,26.8,50.0,2.22,0.0,2020-04-10 18:09:51
oistins,BB,12.169210973629546,-59.553855028946856,30.0,62.0,7.2,20.0,2020-04-10 18:09:18
luderitz,NA,-38.51339192056151,-3.385403819819487,19.0,63.0,1.5,0.0,2020-04-10 18:09:51
piacabucu,BR,-13.691832487512187,-33.35982819232552,29.79,64.0,4.7,63.0,2020-04-10 18:09:51
klaksvik,FO,77.1953701570994,-3.8811874476890864,7.0,87.0,7.7,100.0,2020-04-10 18:06:06
yulara,AU,-27.5892197670348,132.96168931557702,14.0,41.0,2.1,0.0,2020-04-10 18:09:51
pelym,RU,62.28720403643979,61.70296015017732,4.55,89.0,4.61,100.0,2020-04-10 18:09:51
bucerias,MX,20.626553143249595,-106.56161310473536,28.0,61.0,3.1,20.0,2020-04-10 18:09:51
iranshahr,IR,27.52270794570792,59.45951220437942,30.0,28.0,2.75,43.0,2020-04-10 18:09:51
saint-philippe,RE,-44.81528466447392,65.6715854916122,26.0,74.0,7.2,20.0,2020-04-10 18:08:17
alice springs,AU,-25.927384348067307,137.72434334602906,14.0,54.0,2.1,0.0,2020-04-10 18:09:51
moerai,PF,-20.937609115399653,-150.85228791522437,27.61,87.0,6.47,100.0,2020-04-10 18:09:52
catuday,PH,16.735461962714098,119.23752379816506,26.11,77.0,2.73,26.0,2020-04-10 18:09:52
lat yao,TH,15.965491840687633,99.49739681574118,28.9,51.0,2.9,75.0,2020-04-10 18:09:52
kaitangata,NZ,-75.57810449512321,176.87458445350217,10.56,86.0,0.77,21.0,2020-04-10 18:08:06
san pedro de macoris,DO,16.552951057791887,-69.39518452436697,31.0,62.0,3.6,20.0,2020-04-10 18:09:52
pangnirtung,CA,64.11734662588557,-60.1928336153392,-5.2,83.0,0.15,0.0,2020-04-10 18:09:52
castro,CL,-50.57445699478614,-97.8330288968133,22.08,34.0,1.9,37.0,2020-04-10 18:09:52
khatanga,RU,82.04534718378477,108.32522402154899,-2.01,92.0,9.36,100.0,2020-04-10 18:07:21
tasiilaq,GL,60.19207612610248,-33.6866764929575,-3.0,68.0,0.69,20.0,2020-04-10 18:09:52
katsuura,JP,20.828664597501614,150.71930118658895,10.0,39.0,6.7,75.0,2020-04-10 18:09:52
barrow,US,81.37587907449571,-146.20983817808926,-26.0,91.0,2.6,75.0,2020-04-10 18:05:01
betong,TH,5.448974764006607,101.08090905735617,22.05,79.0,0.86,17.0,2020-04-10 18:09:53
carmen,MX,18.661921481190404,-91.7275039260162,34.0,46.0,4.6,75.0,2020-04-10 18:08:53
norman wells,CA,62.16818437027527,-125.66440784590644,-10.0,61.0,1.5,20.0,2020-04-10 18:09:53
tezu,IN,28.350653907397387,96.66076051990541,21.84,31.0,1.76,0.0,2020-04-10 18:09:53
helong,CN,41.43596836848724,128.9988500079994,1.56,66.0,2.94,0.0,2020-04-10 18:09:53
sao joao da barra,BR,-30.535487323063947,-29.041147817132497,26.0,57.0,3.6,90.0,2020-04-10 18:09:53
nouadhibou,MR,22.524238710708957,-17.11418951306308,24.0,60.0,9.8,0.0,2020-04-10 18:08:07
ahipara,NZ,-35.21202377227267,167.27302044733108,14.41,82.0,2.18,41.0,2020-04-10 18:09:54
maridi,SD,5.154388930230311,29.087349341669295,23.47,71.0,2.05,92.0,2020-04-10 18:09:54
college,US,73.05012637743008,-147.87986422197127,-7.0,78.0,2.6,90.0,2020-04-10 18:09:54
hebi,CN,35.894736624378595,114.05165299117135,4.75,85.0,2.19,99.0,2020-04-10 18:09:54
kodiak,US,39.00393125711679,-145.69764274383874,-3.0,79.0,2.6,1.0,2020-04-10 18:06:22
atasu,KZ,48.61723269001487,71.57282051379073,2.5,63.0,3.21,16.0,2020-04-10 18:09:54
mahebourg,MU,-36.619086410484776,67.984783332354,26.0,78.0,6.2,40.0,2020-04-10 18:07:40
karratha,AU,-17.268918665939196,112.56215570626426,27.39,66.0,3.9,3.0,2020-04-10 18:09:08
sistranda,NO,70.72228516439745,4.9152005237053515,3.33,93.0,7.2,40.0,2020-04-10 18:09:54
coihaique,CL,-50.17762582782301,-78.02358082066631,14.0,76.0,1.5,90.0,2020-04-10 18:09:55
yellowknife,CA,76.36891804391806,-100.02446442830873,-10.56,66.0,7.7,20.0,2020-04-10 18:09:55
bereda,SO,12.104960966195904,55.98315091761245,14.44,93.0,2.1,90.0,2020-04-10 18:09:55
lagunas,PE,-5.190445016328951,-76.24815487905438,30.63,68.0,1.43,77.0,2020-04-10 18:09:55
provideniya,RU,55.767986511389665,-169.89063882399262,-12.48,92.0,6.83,100.0,2020-04-10 18:09:55
egvekinot,RU,55.03749113539851,-179.8157571612902,-19.93,83.0,2.58,0.0,2020-04-10 18:09:55
kommunar,RU,54.55919754604136,89.15888051685766,2.0,89.0,2.0,75.0,2020-04-10 18:09:55
shelburne,CA,40.05000524138842,-64.80988426200142,7.0,69.0,8.2,75.0,2020-04-10 18:09:55
halifax,CA,43.387193671492525,-63.36580861285009,6.11,93.0,9.3,75.0,2020-04-10 18:07:33
samarai,PG,-15.68814389352137,153.05845168405187,26.06,82.0,2.8,28.0,2020-04-10 18:09:55
kavaratti,IN,12.311399724334564,69.81556605942339,29.24,68.0,3.56,0.0,2020-04-10 18:09:56
chokurdakh,RU,83.43596050992844,156.1381750541454,-7.0,96.0,4.39,40.0,2020-04-10 18:09:56
port augusta,AU,-30.742960109996822,138.674017828819,18.0,48.0,4.1,16.0,2020-04-10 18:09:56
gurupi,BR,-12.05613678495105,-49.046512395375146,28.71,67.0,1.75,91.0,2020-04-10 18:09:56
ouahigouya,BF,13.848912719155209,-2.2384688564381463,36.23,19.0,3.75,100.0,2020-04-10 18:09:56
sola,VU,-12.848334659726234,172.72701819976066,26.73,77.0,7.41,60.0,2020-04-10 18:09:56
paciran,ID,-5.134738896753845,112.39121565243897,26.21,84.0,0.95,47.0,2020-04-10 18:09:56
ovalle,CL,-31.166987692865675,-72.81616229103571,24.26,43.0,3.61,43.0,2020-04-10 18:09:57
huicungo,PE,-7.571341392640093,-76.5464210203977,29.39,60.0,0.5,78.0,2020-04-10 18:09:57
kudahuvadhoo,MV,1.7150066404664415,67.9147559289259,29.36,66.0,1.7,10.0,2020-04-10 18:09:57
quatre cocos,MU,-17.955867707034244,70.50214855547628,26.0,78.0,6.2,40.0,2020-04-10 18:09:57
cap malheureux,MU,-16.15401807249981,54.847644537112416,26.0,78.0,6.2,40.0,2020-04-10 18:09:22
saskylakh,RU,77.93280741925076,112.60700592953816,-4.2,92.0,7.83,84.0,2020-04-10 18:07:41
shchigry,RU,51.727472526619266,36.97350418446723,6.0,60.0,3.0,40.0,2020-04-10 18:09:57
ushtobe,KZ,45.017366246027734,76.84438405255588,4.91,55.0,5.68,0.0,2020-04-10 18:09:57
salinopolis,BR,2.072124044245683,-46.48311069648099,28.18,78.0,5.42,90.0,2020-04-10 18:09:58
kishi,NG,9.75084625541777,4.320890689056796,30.13,39.0,2.24,98.0,2020-04-10 18:09:58
viransehir,TR,37.15510460466599,39.79428583063,11.89,63.0,1.02,100.0,2020-04-10 18:09:58
mar del plata,AR,-58.30927639255245,-33.30099497793262,21.67,63.0,5.7,40.0,2020-04-10 18:09:58
olinda,BR,-8.437403906145903,-31.52144080116622,31.0,70.0,4.1,40.0,2020-04-10 18:09:58
ancud,CL,-40.056453945578255,-104.30007176330801,15.0,82.0,3.6,75.0,2020-04-10 18:09:58
iquique,CL,-20.623001665847738,-71.9555490740701,25.0,53.0,6.2,75.0,2020-04-10 18:09:58
henties bay,NA,-21.535018515604563,5.651554900741814,20.56,78.0,0.89,0.0,2020-04-10 18:09:58
vila franca do campo,PT,40.232631254536415,-22.651033736676567,18.0,68.0,7.7,20.0,2020-04-10 18:09:58
tiquisio,CO,8.303543677033488,-74.19706860484708,36.0,48.0,0.42,100.0,2020-04-10 18:09:59
ngunguru,NZ,-33.97320094581483,176.5911091265233,9.44,93.0,2.73,2.0,2020-04-10 18:09:59
pachino,IT,36.65514318710909,15.031194851909845,16.0,51.0,2.6,13.0,2020-04-10 18:09:05
longyearbyen,SJ,88.22390222902058,29.12721789694325,-16.0,59.0,3.1,20.0,2020-04-10 18:07:39
nanortalik,GL,54.59228537891693,-39.5220571098242,2.44,78.0,3.6,100.0,2020-04-10 18:07:51
choma,ZM,-17.1209051898078,26.856460488894527,16.19,63.0,1.45,40.0,2020-04-10 18:09:59
mumford,GH,2.324401006949728,0.5847401964101948,28.37,77.0,2.6,64.0,2020-04-10 18:09:59
angoram,PG,-3.5927031672113827,145.1998833479392,23.52,96.0,0.74,90.0,2020-04-10 18:09:59
batagay-alyta,RU,67.24621879434858,127.14830192981799,-7.21,85.0,3.28,46.0,2020-04-10 18:10:00
zalakomar,HU,46.59601873930754,17.10251183894104,18.0,39.0,2.6,1.0,2020-04-10 18:10:00
isagarh,IN,24.76349281255159,77.99585384213219,27.45,16.0,2.12,9.0,2020-04-10 18:10:00
brae,GB,63.805188387359806,-2.4606057019964567,8.0,93.0,4.1,100.0,2020-04-10 18:10:00
rossland,CA,48.61193241291929,-117.73911972925858,15.0,39.0,0.45,75.0,2020-04-10 18:10:00
palu,ID,-0.5986226997429753,120.00349419264035,24.27,79.0,0.71,4.0,2020-04-10 18:07:07
nalut,LY,31.038468082276893,8.722561164444983,22.78,23.0,3.4,93.0,2020-04-10 18:10:01
bukavu,CD,-2.666002544033077,28.885933713761204,16.98,60.0,1.23,68.0,2020-04-10 18:10:01
goderich,SL,3.9057858147350117,-19.65647554739425,2.78,83.0,7.15,84.0,2020-04-10 18:10:01
aklavik,CA,76.8920910994151,-141.65329918436072,-10.0,56.0,4.6,40.0,2020-04-10 18:10:01
abu samrah,QA,20.025259683196396,49.6370873928405,12.29,66.0,7.08,13.0,2020-04-10 18:10:02
pak phanang,TH,8.738728124489228,101.59835168541593,26.94,76.0,2.11,71.0,2020-04-10 18:10:06
kenai,US,65.75764981193254,-153.7039323372482,-1.67,72.0,2.6,1.0,2020-04-10 18:10:06
kimbe,PG,-4.736136688067091,149.9142371704644,24.23,86.0,1.45,65.0,2020-04-10 18:10:06
myitkyina,MM,26.522720155482872,97.24707295909838,22.74,39.0,1.39,0.0,2020-04-10 18:10:07
berbera,SO,10.794639673259468,45.65050437802847,28.8,74.0,2.14,45.0,2020-04-10 18:10:07
gat,LY,23.588329208087046,7.63983293036182,16.0,77.0,2.1,75.0,2020-04-10 18:06:04
ilulissat,GL,83.76013108998438,-40.535190788201675,2.0,55.0,2.6,20.0,2020-04-10 18:10:07
flinders,AU,-32.338556319770255,134.70474206749753,17.78,63.0,7.7,0.0,2020-04-10 18:10:07
port blair,IN,13.003303143899174,89.44783920856247,27.95,70.0,3.46,75.0,2020-04-10 18:07:12
poykovskiy,RU,62.210452783332755,73.10627428661155,4.0,60.0,5.0,98.0,2020-04-10 18:10:08
nioro,ML,17.291837634813376,-10.816888899562116,40.1,9.0,2.77,0.0,2020-04-10 18:10:08
mattru,SL,4.086412456416255,-13.751108514628754,30.36,65.0,2.73,75.0,2020-04-10 18:10:08
kortkeros,RU,62.118854221395225,52.44922941352766,0.0,92.0,4.0,90.0,2020-04-10 18:10:08
viedma,AR,-43.28011055672176,-62.03964401693713,25.34,28.0,9.39,0.0,2020-04-10 18:09:33
esperance,AU,-34.739814176173724,123.21934660108121,16.0,87.0,2.6,75.0,2020-04-10 18:10:08
katobu,ID,-6.2992301410645695,124.8269754847405,24.05,88.0,0.7,38.0,2020-04-10 18:10:08
port macquarie,AU,-33.792378910106905,159.98270670308966,15.0,100.0,2.1,90.0,2020-04-10 18:10:09
chabahar,IR,25.101322626018515,61.007764320228006,26.92,62.0,1.13,16.0,2020-04-10 18:10:09
sur,OM,16.918930606791463,64.04433802513611,29.18,57.0,4.39,85.0,2020-04-10 18:10:09
ostrovnoy,RU,73.08266736902658,43.04395673237866,-9.68,95.0,4.16,34.0,2020-04-10 18:10:09
palmer,US,60.995306409782046,-147.76315078416488,9.44,45.0,7.2,75.0,2020-04-10 18:10:09
krasnoselkup,RU,62.67003947130155,83.21017927292519,0.91,96.0,9.06,100.0,2020-04-10 18:10:10
matagami,CA,51.91050754171542,-77.46463961712027,0.0,86.0,7.7,75.0,2020-04-10 18:10:10
mitsamiouli,KM,-7.004972941068928,46.782671545665806,29.38,72.0,4.46,52.0,2020-04-10 18:10:10
charters towers,AU,-21.38785797731768,142.99485305126228,20.36,85.0,1.8,88.0,2020-04-10 18:10:10
vestmannaeyjar,IS,59.83839133371572,-17.17272233027714,5.79,87.0,9.06,100.0,2020-04-10 18:08:06
izmit,TR,40.55418634844759,30.204964781743,12.78,75.0,0.87,0.0,2020-04-10 18:10:10
tottori,JP,38.27865574013467,134.10886487421897,6.15,64.0,0.5,99.0,2020-04-10 18:10:10
faya,TD,18.89405136308538,20.321768323381463,20.0,77.0,5.1,40.0,2020-04-10 18:10:11
uniontown,US,39.55094052257243,-79.34227627905423,5.56,44.0,4.1,90.0,2020-04-10 18:08:20
leku,ET,6.799237657245186,38.198264743350194,18.61,45.0,1.72,72.0,2020-04-10 18:10:11
saint-georges,GF,8.097585208802727,-44.07078210976218,30.0,70.0,8.7,20.0,2020-04-10 18:10:11
derzhavinsk,KZ,49.95651042494629,65.17685842821987,5.56,60.0,1.35,3.0,2020-04-10 18:10:11
grindavik,IS,53.892454469226124,-27.874248790332928,4.0,93.0,7.2,90.0,2020-04-10 18:10:11
llanes,ES,44.53683965700597,-4.601799625058533,17.22,97.0,0.71,98.0,2020-04-10 18:10:11
otavi,NA,-19.56225666090505,17.353397749283573,20.16,44.0,3.5,15.0,2020-04-10 18:10:11
tecpan,MX,14.347746157346492,-102.23766910447702,29.0,45.0,5.1,20.0,2020-04-10 18:10:12
airai,PW,11.556664766973356,140.62942486244253,15.65,72.0,0.26,42.0,2020-04-10 18:08:10
kasangulu,CD,-5.311034528331177,16.182032871223328,23.0,100.0,2.1,90.0,2020-04-10 18:10:12
auki,SB,-8.175020720830588,160.67224558299728,27.05,78.0,1.78,3.0,2020-04-10 18:10:12
cherskiy,RU,78.18027561253592,164.1575358067917,-16.16,87.0,10.51,62.0,2020-04-10 18:10:12
caravelas,BR,-21.54808414641495,-24.220860591199454,26.49,80.0,6.56,62.0,2020-04-10 18:10:12
vaasa,FI,63.699284798304944,21.228265248889073,2.0,64.0,2.6,37.0,2020-04-10 18:10:12
isangel,VU,-15.83747957511821,174.9093237156917,24.16,67.0,3.5,59.0,2020-04-10 18:10:12
rafaela,AR,-30.395860406109165,-61.01974326882484,26.67,32.0,1.34,0.0,2020-04-10 18:10:13
ushumun,RU,52.60903343090766,126.39400431381068,0.12,83.0,1.12,0.0,2020-04-10 18:10:13
rumuruti,KE,0.20336665787672814,36.68596239680937,17.9,43.0,3.76,98.0,2020-04-10 18:10:13
senanga,ZM,-16.87620783742716,22.414974029536268,20.59,59.0,3.98,99.0,2020-04-10 18:10:13
illintsi,UA,49.0261517303081,29.03965667509246,9.0,26.0,4.0,13.0,2020-04-10 18:10:13
clyde river,CA,69.46122641106385,-71.85960009486905,-11.0,85.0,10.8,90.0,2020-04-10 18:09:56
iqaluit,CA,58.093800473042535,-74.21394190881156,-12.0,72.0,1.5,40.0,2020-04-10 18:10:13
gulariya,NP,28.10993374971713,81.27829298824173,25.56,81.0,4.02,4.0,2020-04-10 18:10:14
kirkuk,IQ,35.59264868792444,45.123564205809714,16.14,48.0,3.52,61.0,2020-04-10 18:10:14
kirgiz-miyaki,RU,53.673412023561326,54.9880929158262,3.26,67.0,4.62,0.0,2020-04-10 18:10:14
bandarbeyla,SO,9.646050279085657,53.904028510587835,27.45,66.0,5.26,0.0,2020-04-10 18:10:14
lavrentiya,RU,69.64171506974185,-168.32013696639913,-14.55,91.0,4.44,98.0,2020-04-10 18:10:14
tabou,CI,5.026253490621173,-7.326988673111572,28.47,74.0,3.22,31.0,2020-04-10 18:10:14
roald,NO,64.65002302389857,5.648950847691651,6.11,75.0,4.6,75.0,2020-04-10 18:10:15
belmonte,BR,-18.737504654187987,-26.263852798027358,25.0,94.0,3.1,75.0,2020-04-10 18:10:15
bukachacha,RU,53.421658035483745,117.03919462476489,0.1,66.0,1.65,0.0,2020-04-10 18:10:15
hambantota,LK,-3.193646182200368,85.65470058756966,27.53,80.0,4.86,8.0,2020-04-10 18:06:05
sinnamary,GF,13.279181786634183,-49.97921739390114,27.87,73.0,5.82,81.0,2020-04-10 18:10:15
qaqortoq,GL,63.9539775066244,-46.144446472297716,6.0,26.0,18.5,100.0,2020-04-10 18:10:15
merauke,ID,-6.80777404748693,138.2798211420327,24.97,90.0,4.38,99.0,2020-04-10 18:10:15
ingham,AU,-19.149024002168346,144.5432309735226,6.11,48.0,6.2,90.0,2020-04-10 18:10:15
bjornevatn,NO,69.45009506982299,29.17409625107794,-4.0,79.0,10.8,95.0,2020-04-10 18:10:15
clarksburg,US,38.66735545700732,-80.40593910695817,8.0,33.0,7.2,90.0,2020-04-10 18:10:16
kanniyakumari,IN,7.213141112880933,77.8505383746546,29.07,68.0,2.57,0.0,2020-04-10 18:10:10
yemtsa,RU,63.127124257994296,40.356240189485106,-5.29,95.0,1.5,71.0,2020-04-10 18:10:16
cockburn town,BS,26.991462302190214,-73.42925315266251,25.92,74.0,1.04,9.0,2020-04-10 18:08:14
putina,PE,-15.331517342520783,-69.25740052723965,8.56,22.0,2.55,26.0,2020-04-10 18:10:16
maragogi,BR,-12.61254418238532,-30.43903893060454,30.02,62.0,4.86,0.0,2020-04-10 18:10:16
werda,BW,-25.838265503088536,24.12811514768586,23.32,36.0,2.64,80.0,2020-04-10 18:10:16
kavieng,PG,-3.4446775980854483,150.5242032737105,28.47,76.0,2.94,100.0,2020-04-10 18:10:16
tarko-sale,RU,65.24635806430189,78.31678470952932,-1.67,81.0,7.74,100.0,2020-04-10 18:10:17
dmitriyevka,RU,54.41037449844788,55.22086269495037,7.0,45.0,5.0,14.0,2020-04-10 18:10:17
normandin,CA,48.43652031584239,-73.92335247276205,4.0,44.0,6.7,75.0,2020-04-10 18:10:17
mount isa,AU,-19.083470096683413,141.59170161688405,23.0,35.0,5.7,65.0,2020-04-10 18:10:17
marsassoum,SN,13.085069162712884,-16.049393571620755,36.0,39.0,5.1,0.0,2020-04-10 18:10:17
adet,ET,11.09184058677431,37.967836424387315,17.68,42.0,2.33,95.0,2020-04-10 18:10:17
weatherford,US,35.45992473362101,-98.43760381676206,22.0,32.0,5.1,1.0,2020-04-10 18:05:58
matcha,TJ,40.35735318792723,69.2674507131822,5.59,72.0,1.77,99.0,2020-04-10 18:10:17
kushima,JP,29.613951203400205,131.05415098335857,10.56,66.0,3.58,98.0,2020-04-10 18:10:17
hervey bay,AU,-21.896179075100008,155.977993143155,20.56,100.0,0.5,66.0,2020-04-10 18:10:18
bone,ID,-4.294033378524574,120.26770932960761,15.0,50.0,3.1,77.0,2020-04-10 18:10:19
gambela,ET,7.076103133103487,33.966169895303096,28.06,47.0,0.82,47.0,2020-04-10 18:10:19
barkhan,PK,30.195198719406818,69.9131960812204,21.92,34.0,1.24,84.0,2020-04-10 18:10:19
asau,TV,-7.795896179141863,177.5784079388747,15.0,26.0,5.1,92.0,2020-04-10 18:10:19
san lazaro,PY,-21.919794620728865,-58.248480114055894,31.0,66.0,7.7,40.0,2020-04-10 18:10:19
majene,ID,-4.223991191997072,118.45880266392277,25.73,84.0,1.65,6.0,2020-04-10 18:07:07
meulaboh,ID,0.4225890429314916,93.87316786192093,26.33,84.0,2.05,92.0,2020-04-10 18:10:19
sovetskaya gavan,RU,48.25925724909027,140.03633971290776,-2.11,92.0,7.97,64.0,2020-04-10 18:10:19
markova,RU,57.54134748143434,106.54280491918786,10.0,31.0,4.0,30.0,2020-04-10 18:10:20
timbo,BR,-26.636686759949846,-49.36261422254407,25.56,57.0,4.1,40.0,2020-04-10 18:08:21
ternate,ID,3.6929134187966497,130.590513730341,26.32,83.0,2.18,0.0,2020-04-10 18:10:20
alegrete,BR,-30.116533283154112,-55.77210073157731,23.16,38.0,4.36,0.0,2020-04-10 18:10:20
ukiah,US,36.651879156976634,-128.2004615242642,16.67,63.0,2.1,1.0,2020-04-10 18:10:20
forestville,CA,49.74607972412906,-69.67272600952934,11.11,34.0,9.8,75.0,2020-04-10 18:10:21
resistencia,AR,-28.053811802984406,-59.67666418585554,26.11,41.0,3.6,1.0,2020-04-10 18:07:06
dauphin,CA,51.34311263758531,-98.76864150214769,9.0,55.0,6.2,1.0,2020-04-10 18:09:45
kasongo,CD,-4.533148978327617,27.11897744304241,23.14,79.0,1.52,55.0,2020-04-10 18:10:21
kutum,SD,17.493530915369533,23.26847865739208,26.86,13.0,3.83,20.0,2020-04-10 18:10:21
tura,RU,68.9163265838128,98.00776535099897,23.23,35.0,2.03,0.0,2020-04-10 18:08:01
vostok,RU,50.879018209571484,151.92715594157812,-3.17,84.0,1.34,84.0,2020-04-10 18:10:21
lumsden,CA,50.65610837709747,-105.12165574964857,9.0,39.0,3.6,75.0,2020-04-10 18:10:22
manadhoo,MV,5.957504410323423,75.15053376420016,29.48,70.0,2.22,26.0,2020-04-10 18:10:22
margate,ZA,-33.54993827329808,32.28610968101651,17.22,76.0,3.1,46.0,2020-04-10 18:10:22
yurimaguas,PE,-5.70458010605239,-76.19853196519213,27.0,83.0,1.5,75.0,2020-04-10 18:10:22
kurchum,KZ,48.27408161362135,84.36302790250795,1.94,66.0,2.93,0.0,2020-04-10 18:10:22
gibara,CU,21.569089791951114,-76.19679659485146,34.0,32.0,2.6,0.0,2020-04-10 18:10:22
bowen,AU,-18.491161983834786,150.140233165386,21.67,94.0,1.0,90.0,2020-04-10 18:07:51
namie,JP,36.480901616173,145.02513531672014,4.44,74.0,2.91,0.0,2020-04-10 18:10:23
togitsu,JP,32.68817436567642,129.73450245778082,11.54,58.0,2.01,79.0,2020-04-10 18:10:23
outjo,NA,-20.726958504996347,16.037632138513686,20.0,77.0,0.5,67.0,2020-04-10 18:10:23
santa isabel do rio negro,BR,-0.8761680365752369,-65.85561804329572,28.77,81.0,1.69,71.0,2020-04-10 18:10:23
belyy yar,RU,61.495498578223305,84.11851143665956,-4.0,92.0,0.6,75.0,2020-04-10 18:10:23
zhigansk,RU,69.83963638282458,122.58231644757501,-5.39,94.0,6.05,45.0,2020-04-10 18:10:23
jiwani,PK,23.593061690360642,61.94955123770336,26.4,73.0,3.23,7.0,2020-04-10 18:10:24
krapivinskiy,RU,55.26787030445715,86.8003882997669,1.0,59.0,3.0,30.0,2020-04-10 18:10:24
mangai,CD,-3.204316147149868,19.958622499842193,23.13,84.0,1.32,80.0,2020-04-10 18:10:24
urumqi,CN,44.934290355382814,88.97064236597254,9.0,45.0,1.0,100.0,2020-04-10 18:10:24
quang ngai,VN,15.90670205464437,110.00810168452864,24.26,88.0,1.5,92.0,2020-04-10 18:07:00
bac lieu,VN,6.522196091407935,108.78747664371627,27.48,75.0,5.3,98.0,2020-04-10 18:09:53
uglovskoye,RU,50.97359375787738,79.59269832024466,3.0,68.0,3.49,13.0,2020-04-10 18:10:25
westport,IE,55.09042973276294,-13.315140879170912,10.0,34.0,11.8,75.0,2020-04-10 18:10:25
taitung,TW,21.923207067693767,122.31745895554116,20.88,68.0,1.88,88.0,2020-04-10 18:07:43
guia lopes da laguna,BR,-21.802840778767475,-55.77292099641548,28.4,30.0,2.01,0.0,2020-04-10 18:10:25
nikolskoye,RU,48.07619906073904,178.37695439267242,2.0,93.0,2.0,75.0,2020-04-10 18:10:25
takab,IR,36.31868709451672,47.11688186000546,6.51,40.0,2.18,12.0,2020-04-10 18:10:26
broome,AU,-23.19406089899566,123.8309622452361,2.78,74.0,7.2,90.0,2020-04-10 18:10:26
berlevag,NO,78.37352978336861,30.75979024068883,-2.36,90.0,7.76,100.0,2020-04-10 18:10:26
te anau,NZ,-42.959138195274924,159.4580306068877,7.77,72.0,2.08,11.0,2020-04-10 18:08:36
praya,ID,-14.603995823115113,115.48097726660183,30.0,42.0,7.7,0.0,2020-04-10 18:10:26
bonthe,SL,6.5150377346366355,-14.088940118092466,29.12,76.0,4.72,55.0,2020-04-10 18:07:43
surt,LY,32.00278963909753,17.720645885393793,16.17,49.0,4.89,0.0,2020-04-10 18:07:03
ocos,GT,10.628373580923494,-95.20075575568433,35.0,39.0,5.1,5.0,2020-04-10 18:10:27
big rapids,US,43.38401677055279,-85.21751261065872,5.0,44.0,5.1,90.0,2020-04-10 18:10:27
pierre,US,45.28088750448231,-100.83849436222582,12.0,27.0,3.6,1.0,2020-04-10 18:10:27
chapais,CA,54.65452307891073,-72.64265491204975,4.0,35.0,7.2,75.0,2020-04-10 18:10:27
ugoofaaru,MV,5.402903117921639,63.154748846583686,29.32,71.0,2.28,15.0,2020-04-10 18:05:42
leh,IN,34.499315823372925,78.72587620659533,0.23,18.0,1.24,15.0,2020-04-10 18:10:27
werdau,DE,50.7663541321954,12.343143134714893,14.44,50.0,3.6,93.0,2020-04-10 18:10:27
yuzhno-kurilsk,RU,43.29388678113207,146.77717629549358,-1.75,93.0,6.85,7.0,2020-04-10 18:10:27
osakarovka,KZ,50.689616592815554,72.38432348541912,1.62,67.0,3.38,0.0,2020-04-10 18:10:28
redmond,US,44.49941044409536,-121.30653982634348,15.56,58.0,1.02,1.0,2020-04-10 18:07:02
bireun,ID,5.26957247660836,96.67262074989156,26.37,76.0,1.8,91.0,2020-04-10 18:10:28
nantucket,US,40.26346397124968,-69.47917120777005,10.0,49.0,15.4,20.0,2020-04-10 18:09:49
lampazos de naranjo,MX,27.069955452775332,-100.69120917185329,25.07,62.0,3.88,100.0,2020-04-10 18:10:28
williston,US,48.341289508933244,-103.71851397592377,10.0,25.0,2.6,1.0,2020-04-10 18:10:29
monywa,MM,22.24844246883866,95.48510916659194,30.51,25.0,1.11,54.0,2020-04-10 18:10:29
severodvinsk,RU,65.15428689715137,39.74606678520999,-5.0,73.0,1.0,8.0,2020-04-10 18:10:29
wuda,CN,38.8044012164992,107.93232888465525,4.84,35.0,3.01,0.0,2020-04-10 18:10:29
batemans bay,AU,-40.74604707170882,154.0969115107461,11.67,87.0,5.01,0.0,2020-04-10 18:10:29
acari,PE,-20.759973897959625,-76.64705356492934,27.34,52.0,4.37,58.0,2020-04-10 18:10:29
nome,US,65.8731343428662,-161.234402937615,-4.0,79.0,2.76,90.0,2020-04-10 18:10:29
ambunti,PG,-4.8613677675306235,142.33090762176948,23.24,96.0,0.71,99.0,2020-04-10 18:10:29
axim,GH,-1.9759046833281673,-2.779454562955266,28.73,76.0,2.72,73.0,2020-04-10 18:10:29
saint-pierre,RE,-22.631995845449822,54.74796471440024,26.0,74.0,7.2,20.0,2020-04-10 18:08:17
pozhva,RU,59.37462730442866,56.13106156161027,5.49,78.0,6.23,100.0,2020-04-10 18:10:30
jerez,GT,14.064171685922332,-89.77725414464666,34.0,44.0,2.1,86.0,2020-04-10 18:10:30
konstantinovka,RU,48.94910948620702,127.72775918705167,2.95,76.0,4.03,0.0,2020-04-10 18:10:30
sturgis,US,41.63603364948952,-85.46831585043074,6.11,52.0,6.2,90.0,2020-04-10 18:10:30
lompoc,US,25.695955528378434,-133.26454560044357,17.78,81.0,2.86,1.0,2020-04-10 18:08:19
kondapalle,IN,16.616347801204512,80.59768987550046,25.28,70.0,2.24,40.0,2020-04-10 18:10:30
canto do buriti,BR,-8.565938022711705,-43.025998417614005,30.77,59.0,1.2,87.0,2020-04-10 18:10:30
katangli,RU,52.584597364846786,144.9755435307702,-4.78,97.0,3.83,100.0,2020-04-10 18:10:31
calama,CL,-23.70678209030281,-69.04929284652458,24.0,22.0,9.3,0.0,2020-04-10 18:10:31
rorvik,NO,67.86484680078945,8.66443387494786,3.33,76.0,7.42,78.0,2020-04-10 18:10:31
madera,MX,28.771909898426514,-107.88336104540527,17.0,72.0,3.6,40.0,2020-04-10 18:09:09
tshikapa,CD,-6.67895409075571,19.761358137517334,23.18,77.0,0.79,99.0,2020-04-10 18:10:31
great yarmouth,GB,53.337021109689005,1.761733586047768,15.56,62.0,4.1,93.0,2020-04-10 18:08:00
puerto baquerizo moreno,EC,2.458354753995849,-89.25279471205522,30.0,70.0,2.1,40.0,2020-04-10 18:10:32
lobito,AO,-12.08486420114346,13.185815555554171,24.0,88.0,0.7,75.0,2020-04-10 18:10:32
tibu,CO,9.135831452205835,-72.90434212380347,33.69,50.0,1.43,95.0,2020-04-10 18:10:32
ginda,ER,16.737349113515776,38.903780709542445,10.8,26.0,2.83,43.0,2020-04-10 18:10:33
salalah,OM,17.426701978974705,49.743845209416264,28.0,74.0,2.1,20.0,2020-04-10 18:10:33
pecos,US,31.14454744378392,-102.80099266056902,19.0,63.0,3.6,90.0,2020-04-10 18:10:33
constitucion,MX,20.123616995544666,-115.70421806760726,17.41,58.0,2.9,11.0,2020-04-10 18:08:37
jinka,ET,4.420490602451565,36.82485338887892,20.83,51.0,2.4,72.0,2020-04-10 18:10:33
daru,PG,-8.97728987470758,143.66630846254202,25.42,83.0,3.0,99.0,2020-04-10 18:06:01
farafangana,MG,-23.93686117225444,50.771741924477084,24.19,84.0,5.32,88.0,2020-04-10 18:10:33
morehead,PG,-8.362925229227812,141.14924674647364,10.56,31.0,3.6,1.0,2020-04-10 18:10:33
sakaiminato,JP,36.342145537419825,133.40694456843084,4.0,93.0,2.1,75.0,2020-04-10 18:10:34
tessalit,ML,21.681663286754656,-0.21424928310273117,35.82,8.0,3.54,75.0,2020-04-10 18:10:34
sawakin,SD,20.341150954585856,37.80487143352329,24.66,65.0,5.46,21.0,2020-04-10 18:10:34
yokadouma,CM,2.7597043610747107,15.423006041772112,26.79,55.0,1.04,85.0,2020-04-10 18:10:34
suntar,RU,61.1031807615943,118.07916733371468,-1.86,96.0,2.34,24.0,2020-04-10 18:10:34
male,MV,4.145184122479819,73.28553476460337,30.0,74.0,0.5,40.0,2020-04-10 18:08:03
rundu,NA,-19.57377998240341,19.848898253536476,22.0,78.0,1.5,56.0,2020-04-10 18:10:34
deputatskiy,RU,72.58598908921991,141.8683625197266,-10.06,89.0,3.15,46.0,2020-04-10 18:10:35
yantal,RU,58.797616153814715,105.66347659184765,3.39,81.0,1.38,96.0,2020-04-10 18:10:35
paka,MY,5.494607704726349,106.50424499505823,23.0,100.0,0.72,10.0,2020-04-10 18:10:35
hameln,DE,51.98812590001552,9.436649166242375,13.0,40.0,2.1,94.0,2020-04-10 18:10:35
uruana,BR,-15.425171557327857,-49.63341297706464,28.83,57.0,1.72,19.0,2020-04-10 18:10:35
mbala,ZM,-9.057956530385539,31.686679599801266,16.64,60.0,2.93,79.0,2020-04-10 18:10:35
havoysund,NO,71.21098198348898,25.083500487207885,-3.0,86.0,3.1,100.0,2020-04-10 18:10:35
komatipoort,ZA,-25.16614644819741,32.14514244758536,22.22,77.0,1.0,8.0,2020-04-10 18:10:35
opuwo,NA,-17.99947311250226,13.623987864343718,24.81,34.0,1.97,52.0,2020-04-10 18:10:35
dawlatabad,AF,36.21603585292331,65.0584835105478,16.37,49.0,1.77,97.0,2020-04-10 18:10:36
asyut,EG,27.103648457093428,31.286278996236547,25.0,23.0,4.6,0.0,2020-04-10 18:08:28
andenes,NO,69.46845818378713,16.27055353138877,-1.0,80.0,7.7,97.0,2020-04-10 18:10:36
trincomalee,LK,9.128498279374725,82.7441117210114,27.38,74.0,4.0,12.0,2020-04-10 18:10:36
xai-xai,MZ,-27.48467765826352,35.765222473927736,21.16,75.0,3.48,4.0,2020-04-10 18:10:36
chapada dos guimaraes,BR,-15.30581692405869,-55.54127223736556,31.0,45.0,2.6,40.0,2020-04-10 18:10:36
kostomuksha,RU,64.88934483754542,29.95759749837623,-3.3,94.0,2.78,100.0,2020-04-10 18:10:37
grenfell,CA,50.53155095921443,-102.84904850964823,11.34,79.0,2.42,2.0,2020-04-10 18:10:37
mangrol,IN,19.939588376892914,68.75553514693982,25.88,68.0,4.71,0.0,2020-04-10 18:10:37
yabrud,SY,33.886546206956154,36.59778461859125,12.0,62.0,3.1,75.0,2020-04-10 18:10:37
palma di montechiaro,IT,36.447452697636436,13.348646724724404,16.67,100.0,2.68,0.0,2020-04-10 18:10:37
elhovo,BG,42.22995905847105,26.537677693507135,20.0,22.0,5.1,5.0,2020-04-10 18:10:37
mandalgovi,MN,43.48282122959992,107.73790947133227,3.39,34.0,3.0,1.0,2020-04-10 18:10:37
nizwa,OM,19.911705258898053,56.68689202671732,30.79,19.0,3.18,100.0,2020-04-10 18:10:37
tupelo,US,34.466354813451616,-89.00974323932947,13.89,34.0,5.7,1.0,2020-04-10 18:06:15
coahuayana,MX,-1.2967337742826572,-113.04372351544887,33.0,21.0,2.6,5.0,2020-04-10 18:10:38
ketou,BJ,7.576786062820744,2.751752129191715,32.97,40.0,1.11,78.0,2020-04-10 18:10:38
pasni,PK,25.48712277310908,63.67378082318251,27.41,58.0,2.32,0.0,2020-04-10 18:10:38
kaiwaka,NZ,-35.983503229269395,174.73084020959521,7.22,93.0,1.26,33.0,2020-04-10 18:10:38
alekseyevsk,RU,57.149340954037655,109.36191185589428,1.28,84.0,1.98,85.0,2020-04-10 18:10:38
tual,ID,-5.449391113606154,132.28742072042456,28.28,76.0,4.36,91.0,2020-04-10 18:10:38
avera,PF,-23.424380289974863,-150.94325808215916,20.0,23.0,5.7,1.0,2020-04-10 18:10:39
bunia,CD,1.1765760453997842,30.371716519195303,21.97,50.0,0.54,45.0,2020-04-10 18:10:39
marrakesh,MA,29.756315333518216,-5.244774526642999,28.0,32.0,3.1,20.0,2020-04-10 18:10:39
morro bay,US,34.7256353938658,-121.53219916466378,17.78,71.0,1.56,20.0,2020-04-10 18:10:39
fare,PF,-14.607300246203863,-149.16651209824948,28.6,75.0,4.0,55.0,2020-04-10 18:10:39
huarmey,PE,-14.442074005210245,-88.27838000271225,27.72,59.0,4.64,76.0,2020-04-10 18:10:40
iquitos,PE,-2.7534133827608542,-74.2845800657376,30.0,70.0,1.5,75.0,2020-04-10 18:08:09
beloha,MG,-26.409761346037143,44.44890297497494,22.34,76.0,8.59,41.0,2020-04-10 18:10:40
zaterechnyy,RU,44.867416961742975,45.19857725039395,7.08,65.0,4.16,0.0,2020-04-10 18:10:41
sao filipe,CV,6.388666637118845,-28.0113095007745,24.97,69.0,5.75,0.0,2020-04-10 18:10:41
puerto carreno,CO,7.143981145459577,-65.56698168986635,32.0,55.0,3.1,75.0,2020-04-10 18:10:41
yerbogachen,RU,61.512306481458836,106.50638676581548,-0.74,88.0,1.54,91.0,2020-04-10 18:10:41
port hardy,CA,50.11718714280042,-130.72709678674,10.0,76.0,5.7,75.0,2020-04-10 18:00:25
centralia,US,46.51452394484659,-122.89327820232704,13.89,76.0,1.22,90.0,2020-04-10 18:09:14
kharitonovo,RU,61.997308176623136,47.80216596424967,-1.4,96.0,3.53,100.0,2020-04-10 18:10:41
along,IN,30.914788038069887,95.19330073038134,18.19,49.0,2.02,15.0,2020-04-10 18:10:42
sorland,NO,73.23826203250766,4.941405381518962,1.21,80.0,7.6,100.0,2020-04-10 18:10:42
kisangani,CD,0.6184562039172334,25.732155707592824,25.27,68.0,0.57,65.0,2020-04-10 18:10:42
bandar,ID,1.5770454151968636,99.95441019458622,23.87,85.0,0.91,71.0,2020-04-10 18:10:42
san ramon,BO,-15.107330809728126,-63.898265208471926,18.0,63.0,2.1,1.0,2020-04-10 18:10:42
masuguru,TZ,-11.941789352112323,38.83503924887842,22.87,88.0,1.38,21.0,2020-04-10 18:10:43
aranos,NA,-24.469807245502068,19.66604949512879,26.0,27.0,5.26,40.0,2020-04-10 18:10:43
marsh harbour,BS,28.764900534314464,-77.22237276112315,26.36,79.0,7.3,11.0,2020-04-10 18:10:43
mata,CN,20.416338302914625,111.87192251924961,15.0,82.0,2.24,58.0,2020-04-10 18:10:43
vaitape,PF,-16.62433299962828,-155.4605964276252,28.53,78.0,4.61,43.0,2020-04-10 18:10:43
lashio,MM,21.823304386382915,98.91067830930871,18.6,47.0,0.65,30.0,2020-04-10 18:10:43
lhokseumawe,ID,5.039552283869071,97.36391701504152,26.11,81.0,1.57,99.0,2020-04-10 18:10:43
kaili,CN,27.325593965669043,107.69132516477333,22.51,69.0,1.19,85.0,2020-04-10 18:10:44
north bend,US,42.19851877336518,-133.59410599536653,11.11,87.0,2.6,90.0,2020-04-10 18:08:37
civitanova marche,IT,43.37226364345602,13.725662291401818,17.0,33.0,0.5,0.0,2020-04-10 18:10:44
meiganga,CM,6.63779216677186,14.30658115780335,22.28,58.0,1.86,90.0,2020-04-10 18:07:04
chifeng,CN,44.85253847070493,117.45148827294486,5.64,40.0,4.41,0.0,2020-04-10 18:10:44
veraval,IN,15.857438061387967,67.34655190202977,25.34,67.0,4.99,0.0,2020-04-10 18:10:44
camacha,PT,35.41990346052641,-16.469514853964483,20.0,68.0,5.1,40.0,2020-04-10 18:10:44
la union,ES,37.14012326847421,-0.31800273816438107,27.4,60.0,4.48,42.0,2020-04-10 18:10:44
souillac,MU,-50.31571769553803,75.29193203169035,26.0,78.0,6.2,40.0,2020-04-10 18:10:44
laguna,BR,-28.617119621684225,-48.39449980743893,18.33,63.0,1.5,1.0,2020-04-10 18:07:52
atakpame,TG,7.513523251285079,1.6052484098184436,30.18,43.0,1.09,55.0,2020-04-10 18:10:45
rayong,TH,12.280531550785355,101.10353508069102,29.0,74.0,2.6,20.0,2020-04-10 18:06:42
cajamarca,PE,-7.096896699705198,-78.40421285269872,22.0,53.0,2.1,40.0,2020-04-10 18:10:45
qasigiannguit,GL,66.93648650776379,-48.87764532529306,2.0,55.0,2.6,20.0,2020-04-10 18:10:45
naze,JP,22.310763247213302,135.50367914778514,13.0,87.0,1.5,22.0,2020-04-10 18:10:45
amarante,PT,41.32906624350238,-8.02221266864629,31.61,61.0,1.55,100.0,2020-04-10 18:10:45
kokoda,PG,-9.034050923316997,147.4583355153016,23.26,63.0,0.41,97.0,2020-04-10 18:10:45
lincoln,GB,53.152986748071214,-0.6403091473350173,9.44,31.0,5.1,20.0,2020-04-10 18:06:05
san policarpo,PH,14.817006606026638,131.23252853716667,26.86,74.0,3.21,32.0,2020-04-10 18:10:46
konevo,RU,62.37886700171617,38.93943556338567,-4.69,94.0,1.63,92.0,2020-04-10 18:10:46
khrebtovaya,RU,56.73062118175474,104.10897923045883,-0.06,82.0,1.52,76.0,2020-04-10 18:10:46
canmore,CA,50.8649689170681,-115.53842597036078,0.56,92.0,5.7,90.0,2020-04-10 18:02:36
brigantine,US,36.109601902469876,-70.92728024562834,10.56,45.0,10.3,75.0,2020-04-10 18:10:46
saint-francois,GP,22.823828838650726,-46.67487414589266,22.0,35.0,1.5,1.0,2020-04-10 18:10:46
pampas,PE,-12.299648171593859,-75.07526578161786,17.46,20.0,2.64,74.0,2020-04-10 18:10:46
buraydah,SA,25.154492916942843,43.35968481956229,27.0,28.0,1.5,40.0,2020-04-10 18:05:54
umm lajj,SA,24.50653256313231,35.24407832324644,22.76,36.0,5.94,20.0,2020-04-10 18:09:10
khromtau,KZ,50.37811355375527,58.62431300134202,4.51,59.0,3.04,39.0,2020-04-10 18:10:47
chiang khong,TH,20.45723075936266,100.84826778457489,24.44,69.0,0.34,68.0,2020-04-10 18:10:47
albury,AU,-35.667399535333864,146.76413827349347,15.0,87.0,2.6,44.0,2020-04-10 18:10:47
cradock,ZA,-32.13283796535701,25.103125147944525,20.41,43.0,4.24,98.0,2020-04-10 18:10:47
shihezi,CN,43.650421452320245,85.58049361964964,9.7,41.0,2.84,100.0,2020-04-10 18:10:47
pacific grove,US,29.483910269508726,-133.17124050397405,16.67,77.0,3.1,75.0,2020-04-10 18:10:47
flin flon,CA,62.91860710825338,-101.80745598053403,-2.0,86.0,2.1,90.0,2020-04-10 18:10:47
palora,EC,-1.8829124903034824,-77.04555614438436,31.0,55.0,0.37,75.0,2020-04-10 18:10:47
saint-pierre,PM,37.61486532410379,-52.26443922554296,26.0,74.0,7.2,20.0,2020-04-10 18:08:17
ambovombe,MG,-29.596969339058226,47.08087339803561,22.33,81.0,8.79,26.0,2020-04-10 18:10:47
ulladulla,AU,-39.197570234585726,157.77064231746516,17.22,63.0,7.7,0.0,2020-04-10 18:10:48
bilma,NE,18.991874701206854,15.481056172188886,30.14,12.0,3.99,9.0,2020-04-10 18:10:48
